{
	"id": "06819d80-bcc0-47dc-93bc-1f0dc102209b",
	"name": "qa-staging",
	"values": [
		{
			"key": "HOST_URL",
			"value": "https://reqres.in/api",
			"type": "default",
			"enabled": true
		},
		{
			"key": "HOST_PORT",
			"value": "8080",
			"type": "default",
			"enabled": true
		},
		{
			"key": "PAGE",
			"value": "1",
			"type": "default",
			"enabled": true
		},
		{
			"key": "SIZE",
			"value": "10",
			"type": "default",
			"enabled": true
		},
		{
			"key": "HOST_ADDRESS",
			"value": "",
			"type": "any",
			"enabled": true
		}
	],
	"_postman_variable_scope": "environment",
	"_postman_exported_at": "2024-01-15T06:39:34.920Z",
	"_postman_exported_using": "Postman/10.22.2"
}